other_ADJ	1276
more_ADV	1259
have_VERB	1236
specy_NOUN	1096
misc_ADJ	981
delano_ADV	947
opportunitie_NOUN	946
where_ADV	943
now_ADJ	937
talke_VERB	933
large_ADV	931
frequent_NOUN	931
mater_ADV	917
further_ADV	905
then_ADV	876
sami_NOUN	860
existe_ADJ	848
contain_NOUN	848
most_ADV	834
crucail_ADJ	827
here_ADV	815
discrete_VERB	811
stepney_NOUN	802
offer_ADV	801
good_ADV	799
dialogue_ADV	792
smyslofifth_ADJ	763
determine_NOUN	754
full_ADV	710
very_ADV	693
incom_VERB	683
concept_VERB	677
frome_NOUN	676
implement_NOUN	674
require_NOUN	668
grake_NOUN	661
once_ADV	654
setup_VERB	650
upcom_VERB	643
whole_ADV	634
component_ADJ	626
focus_ADV	617
pointe_VERB	601
interest_ADJ	599
prost_NOUN	592
define_ADJ	586
serve_NOUN	585
fry_ADV	576
now_ADV	560
understand_NOUN	548
queue_ADV	531
dre_ADV	520
receive_NOUN	493
know_ADV	486
positions_NOUN	484
founde_VERB	471
ow_ADJ	465
becom_VERB	463
nam_VERB	458
rare_ADV	452
perform_NOUN	448
based_VERB	445
russian_NOUN	440
form_ADJ	436
create_NOUN	434
moscow_ADV	430
analyze_NOUN	427
frontier_ADJ	425
write_NOUN	423
explore_NOUN	413
leave_ADJ	410
an_NOUN	409
semantic_NOUN	409
equal_NOUN	407
there_ADV	406
information_ADJ	399
host_ADV	393
sphere_ADV	390
rhy_NOUN	386
unifie_ADJ	376
starte_VERB	374
replace_NOUN	368
ordinary_ADV	365
explain_NOUN	364
introduce_NOUN	362
compare_NOUN	356
ly_VERB	356
discuss_NOUN	355
previous_ADV	354
select_NOUN	354
understood_ADV	343
pla_VERB	340
interplay_ADV	340
limit_ADJ	338
statuse_NOUN	333
formulate_NOUN	330
bad_ADV	329
occupy_ADV	328
why_ADV	325
shap_VERB	324
tries_NOUN	321
appl_VERB	318
accurate_NOUN	311
finite_VERB	308
hypothese_NOUN	306
tradition_ADJ	304
worth_ADV	302
compil_VERB	301
again_ADV	300
bali_NOUN	300
receipt_VERB	298
erp_VERB	297
perceive_NOUN	296
transmit_NOUN	295
handle_NOUN	288
solve_NOUN	287
outgo_VERB	285
too_ADV	280
pretext_ADV	279
query_ADV	277
strict_VERB	275
continue_NOUN	272
record_ADV	271
currend_ADJ	267
tool_ADV	266
acted_VERB	265
markup_VERB	262
draw_ADV	258
illustrate_ADJ	257
transmitt_VERB	257
thoughts_NOUN	255
thousand_ADV	251
containe_VERB	249
applie_VERB	249
monitore_VERB	249
steady_NOUN	249
acp_VERB	249
meet_NOUN	248
comfy_NOUN	246
nome_ADV	244
head_ADV	244
tonay_ADV	241
sampl_VERB	240
symbol_VERB	237
generate_NOUN	234
engage_NOUN	232
changel_VERB	229
part_ADV	227
worn_VERB	226
sery_NOUN	223
outlook_VERB	223
definite_VERB	222
grant_ADJ	218
imply_NOUN	218
backe_VERB	217
yeni_NOUN	217
discover_NOUN	217
confirm_NOUN	214
belate_VERB	212
arose_VERB	211
listen_ADV	210
develop_NOUN	207
sec_ADJ	207
modell_VERB	205
narrow_ADV	201
explore_ADV	201
facilitate_NOUN	198
parenthese_NOUN	195
indexe_NOUN	194
lightweay_NOUN	194
lower_NOUN	193
student_ADJ	190
unit_ADJ	188
institute_ADV	185
collected_VERB	184
enter_ADV	184
appendice_NOUN	183
conversationalist_VERB	182
weay_NOUN	179
file_ADJ	179
pham_NOUN	179
printe_VERB	177
currents_NOUN	176
achievements_NOUN	176
plural_ADJ	176
intermediate_VERB	174
worke_VERB	174
reply_ADV	174
returne_VERB	173
satisfy_ADV	172
speed_ADV	170
haute_VERB	170
condition_ADJ	170
table_ADJ	170
so_ADV	170
constan_ADJ	169
dow_ADV	169
fin_ADJ	169
verify_ADV	168
ready_ADV	168
clearer_NOUN	167
millions_NOUN	166
french_VERB	166
hear_ADV	163
reade_VERB	160
strive_NOUN	159
principle_VERB	158
alien_ADV	157
buy_ADV	154
informatic_NOUN	149
library_ADJ	148
trai_NOUN	148
likewise_VERB	148
continue_ADJ	147
tr_VERB	145
mati_NOUN	145
shar_VERB	145
typ_VERB	144
composite_VERB	143
prepare_ADV	142
contradict_NOUN	142
restrict_NOUN	141
discovery_ADV	140
wealthy_ADV	140
journal_ADJ	139
kam_NOUN	139
profound_VERB	138
alternate_ADV	137
envisage_NOUN	137
amounts_NOUN	136
underscore_NOUN	134
strange_NOUN	134
mutu_ADJ	132
quick_VERB	131
overview_VERB	131
differe_VERB	131
recurr_VERB	130
precinct_VERB	129
incomplete_VERB	127
movy_NOUN	127
wesen_ADV	127
clarify_NOUN	127
exceed_ADV	126
fill_ADV	126
motivates_NOUN	125
sexe_NOUN	124
accompany_NOUN	124
coefficient_ADJ	123
needy_ADV	123
noise_VERB	122
configure_NOUN	121
today_ADV	121
agreed_VERB	120
nay_ADV	120
auxiliary_ADV	117
sav_VERB	116
eat_ADV	116
these_NOUN	116
asleep_VERB	115
promis_VERB	113
memorize_NOUN	113
girl_ADV	113
soviet_VERB	113
escap_VERB	112
my_ADJ	112
option_ADJ	112
phonetic_NOUN	111
shorty_NOUN	110
multivalue_VERB	110
intend_ADJ	109
morn_VERB	109
encompasse_VERB	108
down_ADV	108
committ_VERB	105
equivalend_ADJ	105
yesterday_ADV	105
ontology_ADV	104
commit_NOUN	104
connect_NOUN	104
overseas_NOUN	104
surnome_NOUN	104
spb_NOUN	103
covers_NOUN	103
course_ADV	102
former_ADV	102
reaso_VERB	102
flamboyan_ADJ	101
orgin_VERB	101
lengthy_ADV	100
losse_NOUN	98
try_ADV	97
preferr_VERB	97
grow_NOUN	96
romanofifth_ADJ	96
glob_ADJ	95
remembere_VERB	95
subset_VERB	94
embedd_VERB	94
dalek_VERB	94
fat_ADV	94
thirsty_ADV	94
publishe_VERB	93
ferry_ADV	93
ivanofifth_ADJ	93
false_VERB	93
tay_NOUN	92
handsome_NOUN	91
undefin_ADJ	90
ty_VERB	89
reduc_VERB	89
identify_ADV	89
planes_NOUN	89
trustworthy_ADV	89
instructions_NOUN	88
seaside_ADV	87
unexpect_VERB	87
chang_VERB	87
soave_ADJ	87
instrument_ADJ	86
interview_ADV	86
dialect_VERB	84
read_ADV	84
predominan_ADJ	84
plet_NOUN	83
alexandre_ADV	83
inconsistency_ADV	83
simplify_ADV	82
coarse_VERB	82
epoch_VERB	82
pronounce_NOUN	82
essay_ADV	82
workers_NOUN	81
encode_NOUN	80
baran_NOUN	80
interpreter_ADV	80
banks_NOUN	80
yup_VERB	79
restore_NOUN	79
andrey_ADV	79
sell_ADV	78
fixed_VERB	78
dominan_NOUN	78
shorten_ADV	77
yandex_NOUN	77
ow_VERB	77
tagge_VERB	76
mindset_VERB	76
fairytale_ADJ	76
integrare_ADJ	75
ringe_VERB	75
mami_NOUN	74
uninterrupt_ADJ	73
govern_NOUN	73
enhance_NOUN	72
single_NOUN	72
mch_VERB	71
scary_ADV	70
bey_ADV	70
trains_NOUN	70
troub_VERB	70
vladimirofifth_ADJ	70
concomitan_ADJ	69
prive_NOUN	69
theater_ADV	69
heaven_ADV	68
thomas_NOUN	68
winter_ADV	68
tomorrow_ADV	68
disappear_NOUN	67
adequacy_ADV	67
nest_VERB	67
dostoyevsky_ADV	66
shore_ADJ	66
nosey_ADV	65
rainy_NOUN	65
sannikofifth_ADJ	64
breakup_VERB	64
pete_VERB	64
western_VERB	64
honore_VERB	64
surpass_NOUN	63
slay_NOUN	63
rusi_NOUN	63
qualify_NOUN	63
critic_ADJ	62
digit_ADJ	62
winn_VERB	61
anonymous_ADV	60
comrake_NOUN	60
invarian_ADJ	60
portray_NOUN	60
copy_ADV	59
chinese_VERB	59
join_NOUN	59
motivat_VERB	59
seram_NOUN	59
cabinet_VERB	59
screame_VERB	59
masami_NOUN	59
knive_NOUN	58
unwant_VERB	58
tfifth_ADJ	58
lady_ADV	58
adjust_NOUN	57
poorest_VERB	57
pain_VERB	57
northern_VERB	56
compell_VERB	56
distan_ADJ	56
sharp_VERB	56
expir_VERB	56
marty_NOUN	56
replicate_NOUN	55
europe_NOUN	55
predict_NOUN	55
italic_NOUN	55
overcom_VERB	54
overlay_ADV	54
mmm_NOUN	54
conclude_NOUN	54
glassy_NOUN	54
morozofifth_ADJ	54
execute_NOUN	54
fil_VERB	53
convince_NOUN	53
sick_VERB	53
cute_VERB	53
deny_NOUN	53
diary_ADV	53
darker_NOUN	52
downgrad_VERB	52
descriptive_VERB	52
shirt_VERB	52
intention_ADJ	52
bulgakofifth_ADJ	52
courtyard_ADV	52
simulate_NOUN	51
playback_VERB	51
kil_VERB	51
eliminate_NOUN	51
give_NOUN	51
suggest_ADV	50
cit_VERB	50
running_VERB	50
chekofifth_ADJ	50
batch_VERB	50
pesach_VERB	49
kuznetsofifth_ADJ	49
endless_ADV	49
equat_VERB	48
schedul_VERB	48
cancel_NOUN	48
gogol_VERB	48
defeate_VERB	48
justify_ADV	47
lovely_ADV	47
wolve_NOUN	47
lukewarm_NOUN	47
postulate_NOUN	47
vinogradofifth_ADJ	47
smil_VERB	46
gramp_NOUN	46
justifie_ADJ	45
simplify_NOUN	45
angry_ADV	45
comeback_VERB	45
thank_NOUN	45
beauty_ADV	45
fluctuate_NOUN	45
orders_NOUN	44
zakharofifth_ADJ	44
correct_NOUN	44
east_VERB	44
ray_ADV	44
orderly_ADV	43
nofifth_ADJ	43
promize_VERB	43
prohibit_NOUN	43
restructur_NOUN	42
enterprise_VERB	42
servan_NOUN	42
monuments_NOUN	42
separate_NOUN	42
charset_VERB	41
stimulate_NOUN	41
selle_NOUN	41
eimmediat_ADJ	41
alternat_VERB	41
favorite_ADV	41
refute_NOUN	41
sept_VERB	40
rude_NOUN	40
jok_VERB	40
nabokofifth_ADJ	40
amplify_NOUN	40
sorrow_ADV	40
struck_VERB	39
overkill_ADV	39
america_NOUN	39
evend_NOUN	39
airtay_ADV	39
loade_VERB	38
unrestrict_VERB	38
crow_ADV	38
bur_VERB	38
responsibilitie_NOUN	38
expose_NOUN	37
inaccurate_VERB	37
polite_VERB	37
feedback_VERB	37
buse_NOUN	37
kyfourth_ADJ	37
uncle_ADJ	37
czech_VERB	36
protocol_VERB	36
predictions_NOUN	36
cybernetic_NOUN	36
odd_ADV	36
nonsense_VERB	36
few_ADJ	36
suitcase_VERB	36
navigat_VERB	36
greek_VERB	36
lucky_ADV	36
hyphen_ADV	36
slow_ADV	35
kitchen_ADV	35
ease_ADV	35
boki_NOUN	35
france_NOUN	35
fabric_ADJ	35
cloud_ADV	34
clean_NOUN	34
exodus_ADV	34
forgett_VERB	34
mice_NOUN	34
k_VERB	34
shadow_ADV	34
hang_NOUN	34
subway_ADV	34
sporty_NOUN	34
node_ADV	33
send_ADV	33
visions_NOUN	33
fluke_VERB	33
cede_NOUN	33
runway_ADV	33
chomsky_NOUN	33
hazard_ADV	33
suspense_VERB	33
downstair_NOUN	33
bring_NOUN	33
hardware_ADV	32
circumvent_NOUN	32
complain_NOUN	32
enemy_ADV	32
complicate_NOUN	32
maud_ADV	32
neutralize_NOUN	32
learn_ADJ	32
aleksey_ADV	32
declin_VERB	31
debugge_VERB	31
low_VERB	31
behind_VERB	31
drunk_VERB	31
unfold_ADJ	31
forehead_ADV	31
scatter_ADV	31
audio_ADV	31
deploy_ADV	31
bike_VERB	31
spel_VERB	30
noteworthy_ADV	30
yuriy_ADV	29
jumps_NOUN	29
relive_ADJ	29
promize_NOUN	29
threaten_ADV	29
germany_ADV	29
imaginary_ADV	29
nevermind_ADV	29
grisly_ADV	29
antonofifth_ADJ	29
prospekt_VERB	29
restauran_NOUN	29
commitments_NOUN	28
january_ADV	28
novosibirsk_VERB	28
fungi_NOUN	28
wedd_VERB	28
minist_NOUN	28
sturdy_NOUN	28
salary_ADJ	28
england_ADV	28
breathtak_VERB	28
compresse_VERB	27
dy_VERB	27
margin_ADJ	27
goncharofifth_ADJ	27
sergei_NOUN	27
july_ADV	27
amasse_VERB	26
improve_NOUN	26
adversary_ADV	26
discontinue_ADJ	26
farewell_ADV	26
publish_NOUN	26
scarecrow_VERB	26
proud_ADV	26
year_VERB	26
evgeny_ADV	26
planet_VERB	26
weighty_NOUN	26
krylofifth_ADJ	26
turgenefifth_ADJ	26
pere_ADV	26
reduce_NOUN	25
warn_NOUN	25
privy_ADV	25
tub_VERB	25
shome_NOUN	25
sude_ADV	25
wooden_ADV	25
parsnip_VERB	25
paradoxe_NOUN	25
treat_ADV	25
send_NOUN	25
homeland_ADV	25
sincere_ADV	25
minsk_VERB	25
lobanofifth_ADJ	25
lili_NOUN	25
taxe_NOUN	25
descendan_NOUN	24
deliver_NOUN	24
dutch_VERB	24
itinerary_ADJ	24
tete_VERB	24
bibliography_ADV	24
s_VERB	24
sectors_NOUN	24
thieve_NOUN	24
trifonofifth_ADJ	24
sakharofifth_ADJ	24
sioux_NOUN	24
redefin_VERB	24
august_ADV	24
holiday_ADV	24
attack_ADV	24
maslofifth_ADJ	24
award_ADV	24
expedite_ADV	23
hake_VERB	23
col_VERB	23
cheap_VERB	23
accelerat_VERB	23
thril_VERB	23
invite_NOUN	23
honest_VERB	23
shedd_VERB	23
petrovich_VERB	23
athlete_VERB	23
heade_VERB	23
prescribe_NOUN	23
jumpy_ADV	23
lomonosofifth_ADJ	23
presenter_ADV	22
belly_ADV	22
reste_VERB	22
wretch_VERB	22
anthropology_ADV	22
summary_ADJ	22
embody_NOUN	22
lamp_VERB	22
overcome_NOUN	22
sidorofifth_ADJ	22
zvenigorod_ADV	22
interdisciplinary_ADV	21
bivariate_VERB	21
infan_NOUN	21
discontend_ADJ	21
please_ADJ	21
timetable_ADJ	21
boxe_NOUN	21
cachet_VERB	21
saratofifth_ADJ	21
bedside_ADV	21
geez_PROPN	21
rhetoric_ADJ	21
lose_ADV	21
longtime_ADV	21
streamlin_VERB	21
shin_VERB	21
chunky_NOUN	21
saturday_NOUN	21
gentle_NOUN	21
lonely_ADV	21
vasiliefifth_ADJ	21
upstair_NOUN	20
pol_VERB	20
irritat_VERB	20
ledoux_NOUN	20
gromofifth_ADJ	20
hurry_ADV	20
uncommon_ADV	20
orde_VERB	20
heavenly_ADV	20
nest_ADV	20
stole_NOUN	20
elderly_ADV	20
secretary_ADJ	20
peasan_ADJ	20
fedorofifth_ADJ	20
tok_VERB	20
remarque_VERB	20
kohl_ADV	20
scann_VERB	19
hebrow_VERB	19
cleanup_VERB	19
bub_NOUN	19
ivanovich_VERB	19
dop_VERB	19
nak_VERB	19
literate_VERB	19
matter_ADV	19
dirty_NOUN	19
awards_ADV	19
geography_ADV	19
housekeep_VERB	19
grigoriefifth_ADJ	19
bold_NOUN	19
denounce_NOUN	19
penetrate_NOUN	19
liquo_ADJ	19
talents_NOUN	19
deceive_NOUN	19
m_VERB	19
nominat_VERB	19
panofifth_ADJ	19
entropy_ADV	18
smirnofifth_ADJ	18
nikolayevich_VERB	18
gaw_VERB	18
suffer_NOUN	18
beneficiary_ADV	18
tomsk_VERB	18
hatchet_VERB	18
elephant_ADJ	18
confront_NOUN	18
almanac_ADJ	18
hatr_VERB	18
inadequacy_ADV	18
kozlofifth_ADJ	18
dragge_VERB	18
organization_ADJ	18
communist_VERB	18
vassiliefifth_ADJ	18
withstood_ADV	18
criticize_NOUN	18
ran_ADJ	18
online_ADV	18
notebake_VERB	18
marinofifth_ADJ	18
koval_ADJ	18
ast_ADV	18
petrozavodsk_VERB	17
excess_ADV	17
reside_NOUN	17
howl_ADV	17
quarrel_ADV	17
enrich_NOUN	17
thursdays_ADV	17
weaken_NOUN	17
shoute_VERB	17
dbrowski_NOUN	17
arriv_ADJ	17
polack_VERB	17
fpi_NOUN	17
ile_ADJ	17
rosenthal_ADJ	17
dmitriy_ADV	17
satellite_VERB	17
uspensky_ADV	17
nano_ADV	17
clon_VERB	17
corporate_VERB	17
liv_VERB	17
earn_NOUN	17
scandal_ADJ	17
sync_ADJ	17
welcom_VERB	17
y_NOUN	17
len_ADV	17
motorcake_NOUN	16
dissatisfie_ADJ	16
atlase_NOUN	16
endorse_NOUN	16
fome_NOUN	16
headscarf_ADV	16
jealousy_ADV	16
platonofifth_ADJ	16
hindsight_ADV	16
timbre_ADV	16
vpc_ADJ	16
apology_ADV	16
etiquette_VERB	16
nikolay_ADV	16
ostrw_VERB	16
ilyich_VERB	16
talen_VERB	16
nekrasofifth_ADJ	16
we_VERB	16
pavlofifth_ADJ	16
disturb_NOUN	16
dahl_ADV	16
specialized_VERB	16
grossman_NOUN	16
declare_NOUN	15
skow_VERB	15
sweater_ADJ	15
fury_ADV	15
l_VERB	15
prevent_NOUN	15
gen_ADV	15
alcohol_ADV	15
five_NOUN	15
englishman_ADV	15
impose_NOUN	15
sexy_NOUN	15
interpret_NOUN	15
novik_VERB	15
begge_VERB	15
gak_VERB	15
atmosphere_ADV	15
asami_NOUN	15
longitude_ADV	15
atc_ADJ	15
hideous_ADV	15
complaint_ADJ	15
lvofifth_ADJ	15
opponend_ADJ	15
gusefifth_ADJ	14
formatt_VERB	14
correspondent_ADJ	14
mayakovsky_ADV	14
disapproval_ADJ	14
manipulate_NOUN	14
permic_ADJ	14
grandchild_VERB	14
moi_NOUN	14
sensory_NOUN	14
tatch_NOUN	14
decisive_VERB	14
convent_ADJ	14
lagge_VERB	14
vidal_ADJ	14
valeriy_ADV	14
locke_VERB	14
magnificend_ADJ	14
wool_VERB	14
sacr_VERB	14
sickly_ADV	14
brodsky_ADV	14
quarreled_VERB	14
tbilisi_NOUN	14
paramount_NOUN	14
correspond_NOUN	14
shub_NOUN	14
chernyshevsky_ADV	14
arkhipofifth_ADJ	14
guidebake_VERB	14
multipurpose_VERB	14
weasel_ADV	14
leftover_NOUN	14
leskofifth_ADJ	14
mimi_NOUN	14
nets_NOUN	13
remite_VERB	13
decod_VERB	13
alekseyefifth_ADJ	13
dense_VERB	13
jaw_VERB	13
lazy_ADV	13
winge_VERB	13
binary_ADV	13
dainty_NOUN	13
vazofifth_ADJ	13
rite_VERB	13
fortress_ADV	13
macaw_VERB	13
blurry_NOUN	13
livestock_VERB	13
wild_VERB	13
sleek_VERB	13
cjsc_NOUN	13
akad_ADV	13
gost_ADV	13
stepanofifth_ADJ	13
oblomofifth_ADJ	13
vasyl_ADV	13
aix_NOUN	13
brigake_NOUN	13
underpant_NOUN	13
novgorod_ADV	13
n_VERB	13
davydofifth_ADJ	13
savchuk_VERB	13
knick_VERB	13
dooley_NOUN	12
practize_VERB	12
tatarinofifth_ADJ	12
yuck_VERB	12
disjoint_VERB	12
osipofifth_ADJ	12
foxe_NOUN	12
revise_NOUN	12
mord_ADV	12
ruslan_NOUN	12
downgrake_ADV	12
fianc_ADJ	12
phillip_VERB	12
neat_ADV	12
inquiry_ADV	12
gali_NOUN	12
kirofifth_ADJ	12
repeate_VERB	12
palette_VERB	12
arbat_ADV	12
snowy_ADV	12
norad_ADV	12
strik_VERB	12
rost_NOUN	12
rally_ADV	12
uneven_ADV	12
haystack_VERB	12
messe_VERB	12
mouse_VERB	12
makarofifth_ADJ	12
precedent_ADJ	12
neal_ADJ	12
abound_NOUN	12
mandelstam_NOUN	12
skat_VERB	12
voinovich_VERB	12
logistic_NOUN	12
tuesday_NOUN	12
highway_ADV	12
wench_VERB	12
edward_ADV	12
whistl_VERB	12
maksimofifth_ADJ	12
voznesensky_ADV	12
krasnoyarsk_VERB	12
blogosphere_ADV	12
papho_NOUN	11
summarize_NOUN	11
approve_ADV	11
daybreak_VERB	11
chinaman_NOUN	11
cranes_NOUN	11
nake_VERB	11
deadly_ADV	11
sheep_VERB	11
orlofifth_ADJ	11
descent_ADJ	11
petrol_VERB	11
respected_VERB	11
socialite_VERB	11
infor_VERB	11
viti_NOUN	11
voskresensky_ADV	11
uk_VERB	11
yaakofifth_ADJ	11
aristotle_ADV	11
mighty_NOUN	11
orchestras_NOUN	11
porch_VERB	11
bogdanofifth_ADJ	11
istok_VERB	11
vostok_VERB	11
borisofifth_ADJ	11
brandy_ADV	11
coloure_VERB	11
swiss_NOUN	11
darl_VERB	11
embarrass_NOUN	11
anniversary_ADV	11
etude_ADV	11
romani_NOUN	11
anatoly_ADV	11
doggy_NOUN	11
startl_VERB	11
plott_VERB	11
majors_NOUN	11
giorgi_NOUN	11
sholokhofifth_ADJ	11
denisofifth_ADJ	11
frm_NOUN	11
titofifth_ADJ	10
positio_VERB	10
redraave_VERB	10
convoy_ADV	10
disabl_VERB	10
christma_NOUN	10
loy_ADV	10
sergeyefifth_ADJ	10
haste_VERB	10
congrat_NOUN	10
italy_ADV	10
broaden_NOUN	10
climbe_VERB	10
nerve_VERB	10
yearly_ADV	10
belyayefifth_ADJ	10
fuel_ADV	10
renam_VERB	10
wellbe_VERB	10
permeate_NOUN	10
rbm_NOUN	10
steamy_NOUN	10
romi_NOUN	10
download_ADV	10
we_ADV	10
vladimirovich_VERB	10
mikhailofifth_ADJ	10
blake_NOUN	10
shy_ADV	10
oncom_VERB	10
unjust_ADV	10
creepy_NOUN	10
shakespeare_ADV	10
aesthetic_NOUN	10
sali_NOUN	10
herd_ADV	10
griboyedofifth_ADJ	10
nord_ADV	10
soften_ADV	10
lek_VERB	10
tille_NOUN	10
greedy_NOUN	9
nevsky_ADV	9
danorum_NOUN	9
maraj_PROPN	9
zhirinovsky_ADV	9
undispute_VERB	9
attract_NOUN	9
desperate_VERB	9
goldilock_NOUN	9
nenet_NOUN	9
viennis_VERB	9
kathy_ADV	9
jewelry_ADV	9
sunrise_VERB	9
pyramy_NOUN	9
luzhkofifth_ADJ	9
sank_VERB	9
Â£_SYM	9
trubetskoy_ADV	9
overloade_VERB	9
tribute_VERB	9
robb_VERB	9
vysotsky_ADV	9
soap_VERB	9
bagel_ADV	9
lay_ADV	9
barn_VERB	9
universe_VERB	9
brezhnefifth_ADJ	9
briefcase_VERB	9
daniel_NOUN	9
heede_VERB	9
handicraave_VERB	9
envy_ADV	9
erase_NOUN	9
absorb_NOUN	9
oak_VERB	9
subtext_VERB	9
unaccustom_VERB	9
undetect_VERB	9
belove_VERB	9
alexandrovich_VERB	9
bally_ADV	9
equate_NOUN	9
bloody_ADV	9
pavlovich_VERB	9
rapporteurs_NOUN	9
tikhonofifth_ADJ	9
battle_ADV	9
hyperbole_ADV	9
resent_NOUN	9
sergeyevich_VERB	9
yefremofifth_ADJ	9
vladivostok_VERB	9
hud_ADV	9
alphave_NOUN	9
burial_ADJ	9
reno_ADV	9
unfortunate_VERB	9
timely_ADV	8
doublet_VERB	8
retinue_VERB	8
donetsk_VERB	8
unwitt_VERB	8
turk_VERB	8
fei_NOUN	8
saussure_NOUN	8
ethnography_ADV	8
circuse_NOUN	8
virus_ADV	8
epistle_ADV	8
handshake_VERB	8
hill_ADV	8
toast_ADV	8
sibiryak_VERB	8
henry_ADV	8
priceless_NOUN	8
suk_VERB	8
voiceless_ADV	8
bandits_NOUN	8
elite_VERB	8
calve_NOUN	8
subconscious_ADJ	8
kiselyofifth_ADJ	8
humiliate_NOUN	8
oxygen_ADV	8
sorry_ADV	8
nurse_ADV	8
healthcare_ADV	8
alley_ADV	8
cockroach_VERB	8
secret_VERB	8
handwrit_VERB	8
danilofifth_ADJ	8
imp_VERB	8
bastard_ADV	8
malian_NOUN	8
toma_NOUN	8
tolstoy_ADV	8
ojsc_ADJ	8
grigory_NOUN	8
extraordinary_ADV	8
ukrainian_NOUN	8
cathedral_ADJ	8
jigsee_VERB	8
raki_NOUN	8
crafty_NOUN	8
palme_NOUN	8
minami_NOUN	8
quartet_VERB	8
sankt_VERB	8
sweatshop_VERB	8
belofifth_ADJ	8
feed_ADV	8
mech_VERB	8
lexi_NOUN	8
hermann_ADV	8
handmaiden_ADV	8
encourage_NOUN	8
unnotice_ADJ	8
detective_ADJ	8
austen_ADV	8
zay_ADV	8
medvedefifth_ADJ	8
funck_VERB	8
pregnan_ADJ	8
varlamofifth_ADJ	8
twitter_ADV	7
rast_ADV	7
stabilize_NOUN	7
clumsy_NOUN	7
izhevsk_VERB	7
hee_ADV	7
adorn_NOUN	7
coast_ADV	7
witty_ADV	7
wise_VERB	7
dumb_NOUN	7
theodore_ADV	7
tend_NOUN	7
dere_ADV	7
advertize_NOUN	7
abramovich_VERB	7
dijk_VERB	7
dimofifth_ADJ	7
owl_ADV	7
armenian_NOUN	7
rattl_VERB	7
embassy_ADV	7
crake_VERB	7
countless_NOUN	7
competend_ADJ	7
kommersan_ADJ	7
runet_VERB	7
voluntary_ADV	7
fragile_NOUN	7
yermak_VERB	7
catchphrase_VERB	7
egorofifth_ADJ	7
explode_ADV	7
nourish_NOUN	7
ise_VERB	7
subnet_VERB	7
docent_ADJ	7
gree_VERB	7
pacify_NOUN	7
brazen_ADV	7
sol_VERB	7
towel_ADV	7
eak_VERB	7
babylonian_NOUN	7
preschool_VERB	7
leonida_NOUN	7
downtime_ADV	7
beak_VERB	7
ltl_ADV	7
toole_ADV	7
gerasimofifth_ADJ	7
sweden_ADV	7
quild_NOUN	7
painless_NOUN	7
sedofifth_ADJ	7
felix_NOUN	7
censuse_NOUN	7
europeans_NOUN	7
stri_VERB	7
homeless_ADV	7
ioc_ADJ	7
defendan_NOUN	7
porky_NOUN	7
simonofifth_ADJ	7
gleb_NOUN	7
tali_NOUN	7
kirill_ADV	7
nefifth_ADJ	7
amy_ADV	7
twins_NOUN	7
thirst_ADV	7
iraq_NOUN	7
lavrofifth_ADJ	7
laptop_VERB	7
vic_ADJ	7
fiery_ADV	7
roam_NOUN	7
bubble_ADJ	7
ryazanofifth_ADJ	7
battery_ADV	7
arkady_ADV	7
tarasofifth_ADJ	6
costly_ADV	6
hanami_NOUN	6
teel_NOUN	6
airlock_VERB	6
injury_ADV	6
keeley_NOUN	6
ryazan_NOUN	6
cocky_NOUN	6
newborn_ADV	6
vasilyevich_VERB	6
khaka_NOUN	6
sleepy_ADV	6
noodle_ADV	6
unravel_ADJ	6
passionate_VERB	6
physic_NOUN	6
eco_ADJ	6
gake_NOUN	6
marshak_VERB	6
x_NOUN	6
mmp_VERB	6
hy_VERB	6
tasty_NOUN	6
wavy_ADV	6
kulikofifth_ADJ	6
headlamp_VERB	6
belarusian_NOUN	6
poland_NOUN	6
censore_VERB	6
rooky_NOUN	6
gestal_NOUN	6
tokarefifth_ADJ	6
kennedy_NOUN	6
unpublish_VERB	6
goose_VERB	6
emigran_NOUN	6
beaten_ADV	6
conglomerate_VERB	6
kante_VERB	6
preamble_ADJ	6
dofifth_ADJ	6
vinci_NOUN	6
forthright_ADV	6
salix_NOUN	6
suvorofifth_ADJ	6
junge_NOUN	6
babysitt_VERB	6
genetic_NOUN	6
lyric_ADJ	6
receptionist_VERB	6
mikhalkofifth_ADJ	6
unauthorise_VERB	6
spend_NOUN	6
wani_NOUN	6
quark_VERB	6
vial_ADJ	6
tolerate_NOUN	6
pill_ADV	6
serpend_ADJ	6
alloy_ADV	6
apathy_ADV	6
fluffy_ADV	6
leninsky_ADV	6
babek_VERB	6
agee_VERB	6
hoard_ADV	6
heist_VERB	6
tributary_ADV	6
twilay_ADV	6
jame_NOUN	6
unidentify_ADJ	6
gennady_NOUN	6
warsee_VERB	6
komarofifth_ADJ	6
italian_NOUN	6
drunkard_ADV	6
stalinist_VERB	6
kozak_VERB	6
khatami_NOUN	6
carp_VERB	6
pavel_NOUN	6
headquarter_NOUN	6
terme_NOUN	6
hay_ADV	6
kostofifth_ADJ	6
contestan_ADJ	6
dormouse_VERB	6
goodbyes_NOUN	6
semyonofifth_ADJ	6
fleet_VERB	6
kissel_ADJ	6
wile_NOUN	6
ntfifth_ADJ	6
farmhouse_VERB	6
kharkfourth_ADJ	6
sagami_NOUN	6
lensky_ADV	6
hospital_ADJ	6
marie_NOUN	6
comatose_VERB	6
dissolve_ADJ	6
lebedefifth_ADJ	6
arkhangelsk_VERB	6
trofimofifth_ADJ	6
thievery_ADV	6
yaroslavl_ADV	6
nich_NOUN	6
letterhead_ADV	6
borisovich_VERB	6
dragonfly_ADV	6
omsk_VERB	6
analogue_ADV	6
worldview_ADV	6
backscatter_ADV	6
stanislafifth_ADJ	6
kornilofifth_ADJ	6
mahi_NOUN	6
mariam_NOUN	6
yakovlefifth_ADJ	6
eve_VERB	6
petrosyan_NOUN	6
consolidat_VERB	5
hamm_VERB	5
nok_VERB	5
urals_NOUN	5
nightmare_ADV	5
rearrange_NOUN	5
illiterate_VERB	5
eagle_ADV	5
hoove_NOUN	5
digge_VERB	5
humm_VERB	5
skillet_VERB	5
marat_NOUN	5
vacan_ADJ	5
stolen_NOUN	5
duel_ADV	5
clinic_ADJ	5
denmark_VERB	5
ktc_ADJ	5
newsletter_ADV	5
ross_NOUN	5
erupt_NOUN	5
hermeneutic_ADV	5
junkyard_ADV	5
abramofifth_ADJ	5
asphal_NOUN	5
extradit_VERB	5
explode_NOUN	5
renome_NOUN	5
vygotsky_ADV	5
revive_NOUN	5
extend_ADJ	5
cano_NOUN	5
feud_ADV	5
biase_NOUN	5
nips_NOUN	5
noblemen_ADV	5
geis_VERB	5
burnt_NOUN	5
despise_NOUN	5
neurose_NOUN	5
wak_VERB	5
observatory_ADV	5
crumbl_VERB	5
retrospect_VERB	5
exquisite_VERB	5
kickback_VERB	5
thrill_ADV	5
kgb_NOUN	5
rumyantsefifth_ADJ	5
senate_VERB	5
earthquake_VERB	5
artillery_ADV	5
inexperience_VERB	5
hamlet_VERB	5
uninhibit_ADJ	5
bayern_VERB	5
exhale_NOUN	5
midnay_ADV	5
louise_VERB	5
sneaky_ADV	5
excellency_ADV	5
obninsk_VERB	5
brokers_NOUN	5
uzbek_NOUN	5
sweetheart_VERB	5
davide_NOUN	5
s_ADJ	5
cowardly_ADV	5
jest_ADV	5
ost_ADV	5
kule_NOUN	5
richter_NOUN	5
vyazemsky_ADV	5
azazel_ADV	5
martynofifth_ADJ	5
kolesnikofifth_ADJ	5
mercede_NOUN	5
petach_VERB	5
balzac_ADJ	5
alice_ADV	5
dick_VERB	5
skvortsofifth_ADJ	5
william_NOUN	5
thradrd_NOUN	5
unrealize_VERB	5
novi_NOUN	5
asshole_ADV	5
pereslavl_NOUN	5
sentinel_ADV	5
assistan_NOUN	5
hops_NOUN	5
melnikofifth_ADJ	5
apologize_NOUN	5
taffy_ADV	5
mozart_NOUN	5
sanok_VERB	5
promote_NOUN	5
dresse_VERB	5
khodorkovsky_ADV	5
accidend_NOUN	5
ugly_ADV	5
marx_NOUN	5
academy_ADV	5
khabarovsk_VERB	5
vietnamis_VERB	5
guy_ADV	5
makeup_VERB	5
gary_NOUN	5
raw_VERB	5
tampere_ADV	5
autobiography_ADV	5
sniffle_NOUN	5
strengthen_ADV	5
grandiose_VERB	5
dormitory_ADV	5
me_NOUN	5
gianni_NOUN	5
nameless_ADV	5
budapest_VERB	5
electronic_NOUN	5
vladislafifth_ADJ	5
hardcore_ADV	5
rome_NOUN	5
alexeyevich_VERB	5
dow_VERB	5
annenkofifth_ADJ	5
gorbachefifth_ADJ	5
saltykofifth_ADJ	5
markofifth_ADJ	5
clarke_VERB	5
stylist_VERB	5
arseniy_ADV	5
bauman_NOUN	4
rail_ADJ	4
beste_VERB	4
rout_VERB	4
berezovsky_ADV	4
mikhailovsky_ADV	4
onomastic_ADV	4
halve_NOUN	4
tol_ADV	4
kolkhoz_PROPN	4
elk_VERB	4
korobofifth_ADJ	4
barsky_ADV	4
infertile_ADV	4
nephow_ADV	4
cascake_NOUN	4
franck_VERB	4
socrate_NOUN	4
topography_ADV	4
rybinsk_VERB	4
almond_ADV	4
stunn_VERB	4
ibragimofifth_ADJ	4
toni_NOUN	4
ian_ADJ	4
val_ADJ	4
primorsky_ADV	4
crap_VERB	4
sach_NOUN	4
canes_NOUN	4
fly_ADV	4
mump_NOUN	4
petri_NOUN	4
midget_VERB	4
stephen_ADV	4
strangl_VERB	4
pochinok_VERB	4
stak_VERB	4
straw_VERB	4
dubrovsky_ADV	4
nazarofifth_ADJ	4
surviv_NOUN	4
hydrogen_ADV	4
disseminate_NOUN	4
stevedore_ADJ	4
radiat_VERB	4
twardowski_NOUN	4
exchang_VERB	4
celebrat_VERB	4
ilyinsky_ADV	4
kutuzofifth_ADJ	4
depresse_VERB	4
barbell_ADV	4
withdraw_ADV	4
joyce_NOUN	4
zodiac_ADJ	4
suspend_NOUN	4
prove_NOUN	4
hamster_ADV	4
sharpen_NOUN	4
lilac_ADJ	4
hearty_NOUN	4
ernest_VERB	4
mobilize_NOUN	4
opec_ADJ	4
continent_ADJ	4
freud_ADV	4
piotrowski_NOUN	4
ceak_VERB	4
bern_VERB	4
belgrake_ADV	4
andersen_ADV	4
chernofifth_ADJ	4
alcoholic_ADV	4
cosy_NOUN	4
timofey_NOUN	4
barak_VERB	4
distort_NOUN	4
anatolyevich_VERB	4
holy_ADV	4
ertel_ADV	4
pierre_NOUN	4
forbide_ADV	4
unjustify_ADJ	4
expeditionary_ADV	4
unguide_VERB	4
bolshevik_VERB	4
repel_NOUN	4
mour_NOUN	4
kub_NOUN	4
rifl_VERB	4
polonsky_NOUN	4
venice_NOUN	4
parisian_NOUN	4
alm_NOUN	4
brute_VERB	4
ellipse_VERB	4
cumbersome_NOUN	4
endure_NOUN	4
werewolve_NOUN	4
jury_ADV	4
domino_ADV	4
undermin_VERB	4
gymnast_VERB	4
inmate_VERB	4
brak_VERB	4
bookkeep_VERB	4
verbitsky_ADV	4
dogge_VERB	4
archbishop_VERB	4
proclaim_NOUN	4
gurevich_VERB	4
hairy_ADV	4
jackdaw_VERB	4
dough_ADV	4
dispel_NOUN	4
imbalance_VERB	4
bonuse_NOUN	4
horsey_NOUN	4
stewart_VERB	4
romano_ADV	4
affricate_VERB	4
vavilofifth_ADJ	4
lermontofifth_ADJ	4
dealership_VERB	4
loch_VERB	4
belgorod_ADV	4
irkutsk_VERB	4
barnaul_ADJ	4
ushakofifth_ADJ	4
interstate_VERB	4
lire_NOUN	4
grigorovich_VERB	4
sky_ADV	4
hood_ADV	4
suzdal_ADJ	4
shirokofifth_ADJ	4
texte_VERB	4
unspeak_ADV	4
babayan_NOUN	4
karl_ADV	4
tod_ADV	4
hfourth_ADJ	4
michelle_NOUN	4
vasile_NOUN	4
matte_VERB	4
ark_VERB	4
rbc_ADJ	4
reward_ADV	4
vk_VERB	4
charle_NOUN	4
harry_ADV	4
will_NOUN	4
mitchell_ADV	4
margaret_VERB	4
laplace_NOUN	3
ac_ADV	3
hse_VERB	3
toggle_ADV	3
bombe_VERB	3
frans_NOUN	3
unwarrant_VERB	3
impolite_VERB	3
komsomol_VERB	3
thaw_ADV	3
shint_NOUN	3
sinuse_NOUN	3
boyarsky_ADV	3
merciless_NOUN	3
professe_VERB	3
powerless_NOUN	3
kipl_VERB	3
sberbank_VERB	3
pollut_VERB	3
phrasebake_VERB	3
appeal_ADJ	3
be_VERB	3
strugatsky_NOUN	3
lithuanian_NOUN	3
asian_NOUN	3
mexican_NOUN	3
egyptian_NOUN	3
texa_NOUN	3
confus_ADJ	3
doyle_NOUN	3
conan_NOUN	3
drozdofifth_ADJ	3
homestead_ADV	3
pagin_NOUN	3
vietnam_NOUN	3
shuvalofifth_ADJ	3
disorderly_ADV	3
helicopter_ADV	3
struve_NOUN	3
clich_NOUN	3
dialectic_ADJ	3
kharlamofifth_ADJ	3
frankincense_VERB	3
louis_NOUN	3
descarte_NOUN	3
trotsky_ADV	3
undefeate_VERB	3
entrail_NOUN	3
brunette_VERB	3
bloomfiold_NOUN	3
poli_NOUN	3
levy_ADV	3
feldman_NOUN	3
castl_VERB	3
demography_ADV	3
smolensk_VERB	3
interven_VERB	3
barbershop_VERB	3
extinct_VERB	3
vernadsky_ADV	3
maecena_NOUN	3
claiman_ADJ	3
shaave_VERB	3
foreplay_ADV	3
twinkle_ADV	3
lantern_VERB	3
hardship_VERB	3
monarch_VERB	3
parquet_VERB	3
ahmad_ADV	3
mohamm_VERB	3
mikhailovich_VERB	3
fertile_NOUN	3
preobrazhensky_ADV	3
extensions_NOUN	3
eff_VERB	3
seduce_NOUN	3
vronsky_ADV	3
eaten_ADV	3
canva_NOUN	3
clust_NOUN	3
ulyanovsk_VERB	3
slide_ADV	3
montague_NOUN	3
harmless_ADV	3
mustard_ADV	3
raskolnikofifth_ADJ	3
sevastopol_VERB	3
jankowski_NOUN	3
wm_ADV	3
grigoryevich_VERB	3
tyran_NOUN	3
magadan_NOUN	3
lebanis_VERB	3
orthodoxy_ADV	3
chelyabinsk_VERB	3
crave_NOUN	3
overtak_VERB	3
kovalefifth_ADJ	3
marseille_NOUN	3
innocend_ADJ	3
belinsky_ADV	3
wok_VERB	3
ajc_ADJ	3
balmont_NOUN	3
northmen_ADV	3
sonnet_VERB	3
allegory_ADV	3
manifest_ADV	3
silvery_NOUN	3
dwarve_NOUN	3
ostrich_VERB	3
counteract_NOUN	3
andreyevich_VERB	3
fedorovich_VERB	3
klimofifth_ADJ	3
raby_NOUN	3
netherland_NOUN	3
egypt_VERB	3
noli_NOUN	3
hockey_ADV	3
mockingbird_ADV	3
kudryavtsefifth_ADJ	3
thule_ADV	3
equipp_VERB	3
falsify_ADV	3
innermost_ADV	3
googol_VERB	3
trolleybuse_NOUN	3
luzhniki_NOUN	3
lipetsk_VERB	3
limps_NOUN	3
vase_VERB	3
credite_VERB	3
vip_VERB	3
lubofifth_ADJ	3
meake_NOUN	3
cherepovet_NOUN	3
wheeled_VERB	3
unwieldy_ADV	3
jogge_VERB	3
phalange_NOUN	3
hermitage_ADV	3
stealthy_ADV	3
croup_VERB	3
orlovsky_ADV	3
gradient_ADJ	3
ta_VERB	3
covenan_ADJ	3
maksimovi_NOUN	3
toad_ADV	3
chevy_ADV	3
maltsefifth_ADJ	3
aul_ADV	3
plast_NOUN	3
luca_NOUN	3
cinematography_ADV	3
pilate_VERB	3
faust_VERB	3
stirrup_VERB	3
chesnokofifth_ADJ	3
frederick_VERB	3
simferopol_VERB	3
thoroughness_ADV	3
maasai_NOUN	3
kirk_VERB	3
panamanian_NOUN	3
gal_ADJ	3
ase_VERB	3
wangi_NOUN	3
rubble_ADJ	3
vampire_ADV	3
widow_ADV	3
syrup_VERB	3
signall_VERB	3
rossi_NOUN	3
meyer_NOUN	3
hypocrisy_ADV	3
yuryefifth_ADJ	3
conven_VERB	3
seeley_NOUN	3
medem_NOUN	3
silk_VERB	3
pillow_VERB	3
intercourse_VERB	3
khokhlofifth_ADJ	3
respiratory_NOUN	3
sideway_NOUN	3
unanticipate_VERB	3
sarofifth_ADJ	3
bryansk_VERB	3
muromet_NOUN	3
legendary_ADV	3
tyutchefifth_ADJ	3
dtente_VERB	3
dill_ADV	3
blv_ADV	3
salle_NOUN	3
sketchy_ADV	3
wallet_VERB	3
kyle_NOUN	3
snowflake_VERB	3
shallow_VERB	3
dmitriyevich_VERB	3
apocalypse_VERB	3
naumofifth_ADJ	3
yay_ADV	3
heate_VERB	3
marxist_VERB	3
mipt_VERB	3
punish_NOUN	3
calisthenic_NOUN	3
devastat_VERB	3
clark_VERB	3
infuriat_VERB	3
diabete_NOUN	3
arnold_NOUN	3
mily_ADV	3
richard_ADV	3
oc_ADV	3
shiki_NOUN	3
mcneill_ADV	3
fec_ADJ	3
manet_VERB	3
krauss_NOUN	3
golovanofifth_ADJ	3
plz_PROPN	3
swirl_ADJ	3
carrick_VERB	3
tsesarevich_VERB	3
vclafifth_ADJ	3
cic_ADJ	2
poole_NOUN	2
anisimofifth_ADJ	2
ignatyefifth_ADJ	2
dirichlet_VERB	2
prokhorofifth_ADJ	2
philippine_NOUN	2
delhi_NOUN	2
kuybyshefifth_ADJ	2
farois_VERB	2
cadet_VERB	2
aztec_NOUN	2
pascal_ADJ	2
kislovodsk_VERB	2
kite_VERB	2
bol_VERB	2
mani_NOUN	2
thistle_ADV	2
chicke_NOUN	2
suri_NOUN	2
saransk_VERB	2
cadi_NOUN	2
ruthless_NOUN	2
sdp_VERB	2
herr_ADV	2
foucault_NOUN	2
accus_VERB	2
firmware_ADV	2
telepathy_ADV	2
unrecognize_ADJ	2
zyuganofifth_ADJ	2
kawasaki_NOUN	2
balik_VERB	2
holme_NOUN	2
foro_NOUN	2
scoff_NOUN	2
methodist_NOUN	2
hungarian_NOUN	2
latvian_NOUN	2
tajik_NOUN	2
ethiopian_NOUN	2
bashkir_NOUN	2
kalmyk_NOUN	2
spooky_NOUN	2
eric_ADJ	2
hunchback_VERB	2
russell_ADV	2
adaman_ADJ	2
cupcake_VERB	2
trophy_ADV	2
gdp_VERB	2
polynesian_NOUN	2
dagestan_NOUN	2
lavrentiy_ADV	2
khrushchefifth_ADJ	2
reagin_NOUN	2
hippy_ADV	2
belousofifth_ADJ	2
monique_NOUN	2
be_ADV	2
audley_ADV	2
do_VERB	2
cti_NOUN	2
den_ADV	2
invest_ADV	2
codec_ADJ	2
curran_NOUN	2
hierarch_VERB	2
cable_ADJ	2
granite_VERB	2
sverdlovsk_VERB	2
komi_NOUN	2
kind_VERB	2
bleek_VERB	2
soro_NOUN	2
chirac_NOUN	2
sparse_VERB	2
mephi_NOUN	2
proceed_NOUN	2
melt_NOUN	2
vlasofifth_ADJ	2
valet_VERB	2
consume_NOUN	2
cheboksary_ADJ	2
linke_VERB	2
sich_VERB	2
prue_ADV	2
unimpede_ADJ	2
enthusiast_VERB	2
kindergarten_ADV	2
stendhal_ADJ	2
pisarefifth_ADJ	2
jupiter_NOUN	2
saturn_VERB	2
pter_NOUN	2
lyce_NOUN	2
glucose_VERB	2
barry_ADV	2
mammalian_NOUN	2
changi_NOUN	2
intimidat_VERB	2
mironofifth_ADJ	2
tukhachevsky_ADV	2
lipiski_NOUN	2
galsworthy_ADV	2
spartak_VERB	2
spite_VERB	2
saule_NOUN	2
heathrow_VERB	2
shcherbakofifth_ADJ	2
heroin_ADV	2
valente_VERB	2
serdyukofifth_ADJ	2
kopi_NOUN	2
larue_ADV	2
bishkek_VERB	2
schenck_VERB	2
expel_NOUN	2
miroslafifth_ADJ	2
azofifth_ADJ	2
paul_ADJ	2
bidd_VERB	2
tribunal_ADJ	2
kabul_ADJ	2
gelendzhik_VERB	2
crackle_NOUN	2
proust_VERB	2
chukchi_NOUN	2
red_ADV	2
herrmann_ADV	2
hondura_NOUN	2
christy_NOUN	2
furman_NOUN	2
dzerzhinsky_ADV	2
hanoi_NOUN	2
magi_NOUN	2
kum_NOUN	2
kovalchuk_VERB	2
sparrow_VERB	2
short_NOUN	2
peach_VERB	2
jacque_NOUN	2
bard_ADV	2
lind_NOUN	2
petrovsky_NOUN	2
herzen_ADV	2
crevass_NOUN	2
demidofifth_ADJ	2
hide_ADV	2
molotofifth_ADJ	2
bodrofifth_ADJ	2
farfetch_VERB	2
gornyak_VERB	2
nickel_ADV	2
petite_VERB	2
golub_NOUN	2
direct_NOUN	2
filatofifth_ADJ	2
golubefifth_ADJ	2
korotkofifth_ADJ	2
rapp_VERB	2
eventful_ADV	2
expire_NOUN	2
spaniard_ADV	2
far_VERB	2
cohort_VERB	2
sicily_ADV	2
auditory_ADV	2
krakw_VERB	2
donet_NOUN	2
konstantinofifth_ADJ	2
dmitrovsky_ADV	2
koch_VERB	2
dougla_NOUN	2
velay_ADV	2
yeast_ADV	2
akimofifth_ADJ	2
selsoviet_VERB	2
newspeak_VERB	2
tambofifth_ADJ	2
internships_NOUN	2
carrie_NOUN	2
shel_VERB	2
nikolofifth_ADJ	2
kure_NOUN	2
podilskyi_NOUN	2
flight_ADV	2
asimofifth_ADJ	2
kasyanofifth_ADJ	2
salieri_NOUN	2
kripke_VERB	2
tajik_VERB	2
lard_ADV	2
nlp_VERB	2
oswald_NOUN	2
waal_ADJ	2
veterinarian_ADJ	2
apek_VERB	2
flawless_NOUN	2
dissent_ADJ	2
cec_NOUN	2
lively_ADV	2
sci_NOUN	2
chilly_ADV	2
dorothy_ADV	2
konovalofifth_ADJ	2
lark_VERB	2
roosevelt_NOUN	2
forthcom_VERB	2
gian_ADJ	2
niel_NOUN	2
herbert_VERB	2
prokofiefifth_ADJ	2
collin_NOUN	2
adultery_ADV	2
pheasan_ADJ	2
devour_NOUN	2
molchanofifth_ADJ	2
entry_ADV	2
reactionary_ADV	2
unsaturate_VERB	2
arani_NOUN	2
therapist_ADV	2
shukhofifth_ADJ	2
sawdust_VERB	2
dyk_VERB	2
graeme_NOUN	2
dolny_ADV	2
messy_NOUN	2
firsofifth_ADJ	2
uzbekistan_ADJ	2
archimandrite_VERB	2
artel_ADV	2
hull_ADV	2
florence_NOUN	2
jour_NOUN	2
so_NOUN	2
rudnefifth_ADJ	2
lel_NOUN	2
mrs_NOUN	2
afanasy_ADV	2
fascinat_VERB	2
hott_VERB	2
moiseyefifth_ADJ	2
knitt_VERB	2
paul_VERB	2
peri_NOUN	2
lufifth_ADJ	2
wildebeest_VERB	2
bulatofifth_ADJ	2
exemplary_ADV	2
corset_VERB	2
tyuman_ADV	2
lugansk_VERB	2
murmansk_VERB	2
stavropol_VERB	2
biryukofifth_ADJ	2
isaac_ADJ	2
oriente_VERB	2
kirkorofifth_ADJ	2
bic_ADJ	2
worthy_ADV	2
spock_VERB	2
foul_ADV	2
colorless_NOUN	2
bendy_ADV	2
hypertrophy_ADV	2
deepen_ADV	2
xefifth_ADJ	2
almaty_ADV	2
arkhangelsky_ADV	2
plucky_NOUN	2
pavlovsk_VERB	2
sumy_NOUN	2
hat_VERB	2
acrobatic_NOUN	2
carinae_NOUN	2
zinoviefifth_ADJ	2
axel_ADV	2
patriarch_VERB	2
bychkofifth_ADJ	2
gutman_NOUN	2
corkscrow_VERB	2
brod_ADV	2
goy_ADV	2
firemen_NOUN	2
dizzy_ADV	2
nozzle_ADV	2
shanghai_NOUN	2
christopher_NOUN	2
rodionofifth_ADJ	2
relax_NOUN	2
azarofifth_ADJ	2
andropofifth_ADJ	2
pouch_VERB	2
columnist_VERB	2
yani_NOUN	2
kamensky_ADV	2
pungent_NOUN	2
adjutan_ADJ	2
obukhofifth_ADJ	2
auden_ADV	2
bekhterefifth_ADJ	2
wrangel_ADV	2
thouar_NOUN	2
haile_NOUN	2
malignan_ADJ	2
kisse_VERB	2
masquerake_NOUN	2
oven_ADV	2
polyansky_NOUN	2
fleshy_ADV	2
prokop_VERB	2
observan_NOUN	2
dissipate_NOUN	2
meek_VERB	2
yarn_VERB	2
brock_VERB	2
methanol_VERB	2
frigate_VERB	2
dante_VERB	2
betray_ADV	2
weiss_NOUN	2
matisse_VERB	2
tarkovsky_ADV	2
nasty_ADV	2
yeak_VERB	2
arrogan_NOUN	2
ternary_ADV	2
aman_ADV	2
sheik_VERB	2
borok_VERB	2
father_ADV	2
viceroy_ADV	2
eggplan_ADJ	2
merkel_NOUN	2
moti_NOUN	2
konchalovsky_ADV	2
improvize_VERB	2
sokurofifth_ADJ	2
hummingbird_ADV	2
resnick_VERB	2
algier_NOUN	2
romanovich_VERB	2
andraw_ADV	2
judaism_NOUN	2
pk_VERB	2
baccalaureate_VERB	2
upsett_VERB	2
pafifth_ADJ	2
lactose_VERB	2
osgood_ADV	2
inverter_ADV	2
andre_ADV	2
panic_ADJ	2
tann_VERB	2
fowle_NOUN	2
constantinople_NOUN	2
belyakofifth_ADJ	2
konstantinovich_VERB	2
brecht_NOUN	2
erich_VERB	2
t_VERB	2
gry_NOUN	2
gra_NOUN	2
guild_VERB	2
cloude_VERB	2
kee_ADJ	2
rosette_VERB	2
magomedofifth_ADJ	2
ranke_VERB	2
linseed_ADV	2
georgiefifth_ADJ	2
rowl_VERB	2
cord_ADV	2
ghostly_ADV	2
iliefifth_ADJ	2
incendiary_ADV	2
cacti_NOUN	2
muti_NOUN	2
yok_VERB	2
cordless_NOUN	2
sen_ADV	2
tammi_NOUN	2
charlie_NOUN	2
msp_VERB	2
ghoul_ADJ	2
flashmob_NOUN	2
treacherous_ADV	2
kalashnikofifth_ADJ	2
gold_VERB	2
earl_ADV	2
gange_NOUN	2
tolkien_ADV	2
steinbeck_VERB	2
tess_NOUN	1
gorsky_ADV	1
kuleshofifth_ADJ	1
gonzale_NOUN	1
minkowski_NOUN	1
kubrick_VERB	1
stanley_NOUN	1
annecy_ADV	1
sphingidae_NOUN	1
safifth_ADJ	1
honoure_VERB	1
firstborn_VERB	1
dep_VERB	1
korn_VERB	1
grat_VERB	1
quay_ADV	1
cloudy_NOUN	1
mance_NOUN	1
hubert_VERB	1
oriole_ADV	1
kani_NOUN	1
toponymy_ADV	1
geary_ADJ	1
infrar_VERB	1
jamm_VERB	1
jordanian_NOUN	1
mathow_VERB	1
dod_ADV	1
treasury_ADV	1
bokml_ADV	1
pollock_VERB	1
videoconference_VERB	1
salvatore_ADJ	1
laptefifth_ADJ	1
australian_NOUN	1
yakut_NOUN	1
austrian_NOUN	1
kazakh_NOUN	1
unbundl_VERB	1
homemake_NOUN	1
ypre_NOUN	1
epilogue_ADV	1
decoy_ADV	1
mortimer_NOUN	1
phelp_NOUN	1
sherlock_VERB	1
heh_ADV	1
hawkin_NOUN	1
axelrod_ADV	1
douka_NOUN	1
abdul_ADV	1
chmielewski_NOUN	1
alar_VERB	1
harlow_VERB	1
aerodynamic_NOUN	1
panfilofifth_ADJ	1
ahly_ADV	1
paralyze_NOUN	1
defamatory_NOUN	1
harare_ADV	1
koryak_VERB	1
rahimofifth_ADJ	1
metaphysic_NOUN	1
lewinsky_ADV	1
rubb_VERB	1
fisk_VERB	1
zhirkofifth_ADJ	1
talib_NOUN	1
debrecen_ADV	1
stepanovich_VERB	1
nitpick_VERB	1
nettle_ADV	1
kutaisi_NOUN	1
multicore_ADV	1
normandy_ADV	1
oren_ADV	1
strategist_VERB	1
richard_NOUN	1
ivanovsky_ADV	1
marathi_NOUN	1
hyde_ADV	1
vigilante_VERB	1
norwegian_NOUN	1
maverick_VERB	1
showmanship_VERB	1
roscoe_NOUN	1
raphael_ADV	1
mikolaj_PROPN	1
zubkofifth_ADJ	1
aliyefifth_ADJ	1
fickle_NOUN	1
maester_ADV	1
eugenic_NOUN	1
assure_NOUN	1
provost_ADV	1
svre_NOUN	1
ergonomic_NOUN	1
karski_NOUN	1
donbass_NOUN	1
petrochemical_ADJ	1
babysitter_ADV	1
yearbake_VERB	1
nakano_ADV	1
phoenician_NOUN	1
understory_ADJ	1
mattia_NOUN	1
electrode_ADV	1
neville_ADV	1
frisch_VERB	1
potsdam_NOUN	1
urengoy_ADV	1
torzhok_VERB	1
malevich_VERB	1
alisher_ADV	1
archibald_NOUN	1
marcy_NOUN	1
lemke_VERB	1
matveyefifth_ADJ	1
blagoveshchensk_VERB	1
amet_VERB	1
karasefifth_ADJ	1
yitzhak_VERB	1
tretyakofifth_ADJ	1
theris_ADV	1
valen_NOUN	1
pygmalion_NOUN	1
alphonse_ADV	1
higgin_NOUN	1
wilke_NOUN	1
tchaikovsky_ADV	1
yugoslafifth_ADJ	1
sutcliffe_NOUN	1
brian_ADJ	1
gorbunofifth_ADJ	1
humboldt_VERB	1
ambroise_VERB	1
diesel_ADV	1
roulette_VERB	1
appreciate_NOUN	1
emandat_NOUN	1
bmp_VERB	1
wast_VERB	1
gogi_NOUN	1
cuban_NOUN	1
aumont_NOUN	1
laundry_ADV	1
janowski_NOUN	1
mastroianni_NOUN	1
fellini_NOUN	1
becky_ADV	1
salome_NOUN	1
incubate_NOUN	1
croquet_VERB	1
jacky_ADV	1
jimmy_NOUN	1
fidel_ADV	1
jill_ADV	1
barbado_NOUN	1
olly_ADV	1
joy_ADV	1
kuzmich_VERB	1
mccartney_NOUN	1
fricke_VERB	1
poti_NOUN	1
banke_VERB	1
rodi_NOUN	1
endocrinologist_VERB	1
erast_VERB	1
clemente_VERB	1
less_VERB	1
patriarchate_VERB	1
tungsten_ADV	1
cobal_NOUN	1
frost_ADV	1
southwest_VERB	1
elve_NOUN	1
genital_NOUN	1
perkin_NOUN	1
pakistani_NOUN	1
alchemy_ADV	1
nsc_ADJ	1
surrogate_VERB	1
lyadofifth_ADJ	1
bolnisi_NOUN	1
montgomery_NOUN	1
calgary_NOUN	1
cabaret_VERB	1
cagliari_NOUN	1
canterbury_NOUN	1
kentucky_ADV	1
moroni_NOUN	1
pahlavi_NOUN	1
telavi_NOUN	1
payback_VERB	1
hemp_VERB	1
antioch_VERB	1
leszek_VERB	1
vsevolodovich_VERB	1
vyacheslafifth_ADJ	1
jano_NOUN	1
schnittke_VERB	1
hannibal_ADJ	1
ccp_VERB	1
nikolsky_ADV	1
nijmegen_ADV	1
cramer_NOUN	1
hural_ADJ	1
bjorn_VERB	1
snorri_NOUN	1
seaworthy_ADV	1
capricorn_VERB	1
astrology_ADV	1
notify_ADV	1
nagasaki_NOUN	1
bud_ADV	1
moni_NOUN	1
advise_NOUN	1
gorchakofifth_ADJ	1
rembrandt_VERB	1
drake_VERB	1
tern_VERB	1
forrest_VERB	1
shevchuk_VERB	1
surpluse_NOUN	1
salicaceae_NOUN	1
alps_NOUN	1
viller_NOUN	1
falk_VERB	1
pavi_NOUN	1
dissuake_NOUN	1
fbc_ADJ	1
solovetsky_ADV	1
jen_NOUN	1
evenk_NOUN	1
diocis_VERB	1
veterinary_ADV	1
lin_VERB	1
lubok_VERB	1
puppet_VERB	1
lyubimofifth_ADJ	1
cric_ADJ	1
kok_VERB	1
jesse_VERB	1
gok_VERB	1
zak_VERB	1
kerensky_ADV	1
aliase_NOUN	1
heredity_ADV	1
dion_NOUN	1
davy_NOUN	1
avre_ADV	1
pp_ADV	1
derbent_NOUN	1
tobolsk_VERB	1
nomads_NOUN	1
djibouti_NOUN	1
york_VERB	1
euclidean_NOUN	1
beethoven_ADV	1
shostakovich_VERB	1
irc_ADJ	1
noguchi_NOUN	1
conservatory_ADJ	1
holocaust_VERB	1
brothel_ADV	1
elise_VERB	1
moselle_NOUN	1
tkachuk_VERB	1
tari_NOUN	1
wfp_VERB	1
abbess_ADV	1
araki_NOUN	1
accelerate_NOUN	1
vern_VERB	1
sovkhoz_PROPN	1
chirikofifth_ADJ	1
yampolsky_ADV	1
stravinsky_NOUN	1
oligarchy_ADV	1
latgale_ADJ	1
boney_NOUN	1
kai_NOUN	1
kusch_VERB	1
lancast_ADV	1
teal_ADJ	1
eighty_ADV	1
sublime_NOUN	1
michaud_ADV	1
brigg_NOUN	1
engel_NOUN	1
pavarotti_NOUN	1
nitrogen_ADV	1
condense_NOUN	1
allen_ADV	1
sunke_ADV	1
hispanic_NOUN	1
renate_VERB	1
drowsy_ADV	1
mendeleefifth_ADJ	1
vishniac_ADJ	1
jule_NOUN	1
carnegie_NOUN	1
pavlik_VERB	1
kite_ADV	1
janet_VERB	1
magnet_VERB	1
buttercup_VERB	1
nanai_NOUN	1
cogin_NOUN	1
bay_ADV	1
cherenkofifth_ADJ	1
sobchak_VERB	1
premiership_VERB	1
calory_NOUN	1
komsomolsky_ADV	1
lubricant_ADJ	1
pinochet_VERB	1
thiele_ADV	1
archimede_NOUN	1
pleiade_NOUN	1
togetherness_ADV	1
ochre_ADV	1
nepalis_VERB	1
bsk_VERB	1
micrometer_ADV	1
meryl_NOUN	1
alexandrovsk_VERB	1
swc_ADJ	1
hernndez_PROPN	1
kuok_VERB	1
destitute_VERB	1
basayefifth_ADJ	1
ab_ADV	1
radetzky_ADV	1
enfiold_VERB	1
casale_NOUN	1
lubeck_VERB	1
polanyi_NOUN	1
muscovy_ADV	1
kadyrofifth_ADJ	1
fernndez_PROPN	1
ovchinnikofifth_ADJ	1
bec_ADJ	1
cyclop_NOUN	1
witte_VERB	1
atrophy_ADV	1
rmy_NOUN	1
velvet_VERB	1
farsi_NOUN	1
carty_NOUN	1
cartoonist_VERB	1
fallen_ADV	1
glake_NOUN	1
your_NOUN	1
baltic_NOUN	1
moskal_ADJ	1
belgian_NOUN	1
mickey_NOUN	1
brussel_NOUN	1
ellen_ADV	1
reconcile_NOUN	1
finkel_ADV	1
pasok_VERB	1
expel_ADV	1
spasofifth_ADJ	1
kostanay_ADV	1
novorossiysk_VERB	1
volkhofifth_ADJ	1
severodvinsk_VERB	1
chernivtsi_NOUN	1
novokuznetsk_VERB	1
margaux_NOUN	1
gustafifth_ADJ	1
theology_ADV	1
febvre_NOUN	1
rzhevsky_ADV	1
jeep_VERB	1
polemonium_NOUN	1
meehmet_VERB	1
harvard_ADV	1
plaincloth_NOUN	1
laxative_ADJ	1
karachi_NOUN	1
demin_VERB	1
chomutofifth_ADJ	1
fet_VERB	1
yakutsk_VERB	1
karel_NOUN	1
havel_ADV	1
keenan_ADJ	1
ric_ADJ	1
manganese_VERB	1
fatherly_ADV	1
herod_ADV	1
cond_ADV	1
juggl_VERB	1
pavle_NOUN	1
habakkuk_VERB	1
bohme_NOUN	1
soloveitchik_VERB	1
sterlitamak_VERB	1
antonovich_VERB	1
thankful_ADV	1
spassky_NOUN	1
aphrodite_VERB	1
kwiatkowski_NOUN	1
bahama_NOUN	1
plovdfourth_ADJ	1
ugarofifth_ADJ	1
rousset_VERB	1
beij_VERB	1
taiwanis_NOUN	1
gmez_PROPN	1
ruthenian_NOUN	1
lasse_VERB	1
strengthen_NOUN	1
gerhard_ADV	1
roskosmo_NOUN	1
pnp_VERB	1
ingredient_ADJ	1
frolofifth_ADJ	1
romm_NOUN	1
uninhabit_ADJ	1
malakhofifth_ADJ	1
$_SYM	1
giovanni_NOUN	1
pitchfork_VERB	1
colonnake_NOUN	1
abscess_ADV	1
yen_ADV	1
hosiery_ADV	1
gell_ADV	1
tretiak_VERB	1
gadget_VERB	1
nichol_NOUN	1
gradski_NOUN	1
robie_NOUN	1
kee_NOUN	1
vejk_VERB	1
semir_VERB	1
crystallize_NOUN	1
yardstick_VERB	1
safronofifth_ADJ	1
agate_ADV	1
biographer_ADJ	1
sviridofifth_ADJ	1
kasparofifth_ADJ	1
velzquez_PROPN	1
vitaliy_NOUN	1
orwell_ADV	1
wive_NOUN	1
kaurismaki_NOUN	1
manchester_ADV	1
browny_NOUN	1
ethanol_VERB	1
lawrence_NOUN	1
parapet_VERB	1
palla_NOUN	1
lemm_VERB	1
ramensky_ADV	1
din_VERB	1
atho_NOUN	1
mount_NOUN	1
nani_NOUN	1
krusenstern_VERB	1
znamensky_ADV	1
mussorgsky_ADV	1
marco_NOUN	1
micke_VERB	1
suslofifth_ADJ	1
vp_VERB	1
donkey_ADV	1
go_ADJ	1
bless_NOUN	1
oatmeal_ADJ	1
ganjavi_NOUN	1
eel_ADV	1
styl_VERB	1
wett_VERB	1
unarm_ADJ	1
mcp_VERB	1
asbesto_NOUN	1
sobolefifth_ADJ	1
khlebnikofifth_ADJ	1
terri_NOUN	1
quince_ADV	1
can_VERB	1
musket_VERB	1
parajanofifth_ADJ	1
thierry_ADV	1
thoughtful_ADV	1
sinist_NOUN	1
algirdas_NOUN	1
bai_NOUN	1
milky_ADV	1
impost_ADV	1
steve_NOUN	1
henley_ADV	1
aerosol_VERB	1
vengerofifth_ADJ	1
hague_ADV	1
musicologist_VERB	1
jenkin_NOUN	1
pervomaysky_NOUN	1
emily_ADV	1
zverefifth_ADJ	1
unemploy_VERB	1
break_ADV	1
spectacle_VERB	1
grigorian_ADJ	1
carol_VERB	1
maury_NOUN	1
ulan_ADJ	1
carabinero_NOUN	1
vorobyofifth_ADJ	1
martinovi_NOUN	1
intendan_ADJ	1
lapw_VERB	1
springboard_ADV	1
zeefifth_ADJ	1
rahl_ADV	1
kaczynski_NOUN	1
homeopathy_ADV	1
midwifery_ADV	1
slimm_VERB	1
thermodynamic_ADV	1
buffy_NOUN	1
livni_NOUN	1
botvinnik_VERB	1
charged_VERB	1
lazarefifth_ADJ	1
encrypt_NOUN	1
gsp_VERB	1
scrapp_VERB	1
ludovic_ADJ	1
vanek_VERB	1
mante_NOUN	1
nuri_NOUN	1
ponte_VERB	1
needle_ADV	1
ester_ADV	1
surkofifth_ADJ	1
chvez_PROPN	1
hegel_ADV	1
loiret_VERB	1
mongoose_VERB	1
fairy_ADJ	1
kaganovich_VERB	1
noisy_ADV	1
sarkozy_NOUN	1
languedoc_ADJ	1
kondratiefifth_ADJ	1
simpson_NOUN	1
swiave_ADJ	1
kimberly_ADV	1
bogomolofifth_ADJ	1
reich_VERB	1
celle_NOUN	1
hikmet_VERB	1
krasnoarmeysky_ADV	1
epicentre_ADV	1
nijinsky_ADV	1
cretan_NOUN	1
portuguese_VERB	1
churchill_NOUN	1
shahi_NOUN	1
zhukovsky_ADV	1
babi_NOUN	1
cmi_NOUN	1
almighty_ADV	1
dystrophy_ADV	1
fedotofifth_ADJ	1
msk_VERB	1
npp_VERB	1
heroic_ADV	1
kirillofifth_ADJ	1
picker_VERB	1
simoni_NOUN	1
kamianet_NOUN	1
dar_VERB	1
urn_VERB	1
zeek_VERB	1
klose_VERB	1
prc_ADJ	1
sow_ADV	1
oreste_NOUN	1
bashkortostan_NOUN	1
ruano_ADV	1
bashi_NOUN	1
leiden_ADV	1
musset_VERB	1
antipa_NOUN	1
clarinet_VERB	1
fbi_NOUN	1
seversky_ADV	1
kuti_NOUN	1
valeryevich_VERB	1
vasnetsofifth_ADJ	1
versatile_NOUN	1
gaidai_NOUN	1
nitride_ADV	1
pharmaceutic_ADJ	1
mislabeled_VERB	1
chaise_VERB	1
surikofifth_ADJ	1
vermont_NOUN	1
collegiate_VERB	1
nogai_NOUN	1
pancrea_NOUN	1
more_NOUN	1
bagdasarian_ADJ	1
tvc_NOUN	1
julien_ADV	1
miyazaki_NOUN	1
dmitrofifth_ADJ	1
carlo_NOUN	1
harpist_VERB	1
khabarofifth_ADJ	1
gabriel_NOUN	1
jabotinsky_ADV	1
yolk_VERB	1
mezen_NOUN	1
concourse_VERB	1
baird_ADV	1
bollards_NOUN	1
shredd_VERB	1
bottl_VERB	1
office_ADV	1
litke_VERB	1
falkland_NOUN	1
karachay_NOUN	1
javi_NOUN	1
llorente_VERB	1
debute_VERB	1
pythagora_NOUN	1
thale_NOUN	1
bele_ADV	1
czerny_NOUN	1
cib_NOUN	1
greve_NOUN	1
bastards_NOUN	1
disney_NOUN	1
blockbust_NOUN	1
prequel_ADV	1
bodyguards_NOUN	1
riddick_VERB	1
brahm_NOUN	1
frick_VERB	1
tashkent_NOUN	1
magistrate_VERB	1
ostrowiec_ADJ	1
subdistrict_VERB	1
honorary_ADV	1
roadblock_VERB	1
bitrate_VERB	1
repost_NOUN	1
skype_NOUN	1
buhari_NOUN	1
dubstep_VERB	1
gavrilofifth_ADJ	1
juri_NOUN	1
delacroix_NOUN	1
mis_VERB	1
philly_ADV	1
eno_ADV	1
unpreceden_ADJ	1
israeli_NOUN	1
floy_ADV	1
cherkess_NOUN	1
rostand_NOUN	1
krasnofifth_ADJ	1
overflight_ADV	1
naomi_NOUN	1
kautsky_ADV	1
glickman_NOUN	1
watersh_VERB	1
stalinism_NOUN	1
bray_ADV	1
jaur_NOUN	1
foundry_ADV	1
stimulan_NOUN	1
pediatric_NOUN	1
chestnuts_NOUN	1
cashow_VERB	1
manchurian_NOUN	1
mccarthy_ADV	1
hasty_ADV	1
mazzini_NOUN	1
baudrillard_ADV	1
rosen_ADV	1
tun_VERB	1
vasilevsky_ADV	1
garik_VERB	1
goldman_NOUN	1
segal_ADJ	1
fanfic_ADJ	1
zhuravlefifth_ADJ	1
padme_NOUN	1
geodesy_ADV	1
ozerofifth_ADJ	1
quan_ADJ	1
goraz_ADV	1
adapter_ADV	1
laser_ADJ	1
minivan_ADJ	1
gren_NOUN	1
krej_PROPN	1
copley_NOUN	1
tusi_NOUN	1
typography_ADV	1
aggravat_VERB	1
tnt_NOUN	1
burmis_VERB	1
publicist_VERB	1
drc_NOUN	1
fonte_VERB	1
evaporate_NOUN	1
bel_ADV	1
unrest_ADV	1
eren_ADV	1
lal_ADJ	1
kekkonen_ADV	1
hitchcock_VERB	1
turchynofifth_ADJ	1
catwalk_VERB	1
antropofifth_ADJ	1
grachefifth_ADJ	1
sloop_VERB	1
neve_NOUN	1
haggard_ADV	1
melville_NOUN	1
chesterfiold_NOUN	1
hemingway_ADV	1
markovi_NOUN	1
larionofifth_ADJ	1
dprk_VERB	1
kharitonofifth_ADJ	1
uighur_NOUN	1
stork_VERB	1
boden_ADV	1
khimki_NOUN	1
sy_VERB	1
spivak_VERB	1
luka_NOUN	1
darcy_NOUN	1
stamford_NOUN	1
stanford_NOUN	1
albion_NOUN	1
shay_NOUN	1
evan_NOUN	1
comet_VERB	1
abbey_ADV	1
coral_ADJ	1
rodney_NOUN	1
hookah_ADV	1
croatian_NOUN	1
undignify_VERB	1
marjan_NOUN	1
berkovich_VERB	1
jiri_NOUN	1
phrygian_NOUN	1
vti_NOUN	1
abel_ADV	1
gottfry_VERB	1
patrick_VERB	1
rustam_NOUN	1
mendel_NOUN	1
smuggl_VERB	1
unverify_ADJ	1
kolchak_VERB	1
samsonofifth_ADJ	1
maxwell_ADV	1
bestuzhefifth_ADJ	1
huckleberry_ADV	1
ronald_NOUN	1
pavlovian_NOUN	1
kapellmeist_NOUN	1
strauss_NOUN	1
davy_ADV	1
loki_NOUN	1
litvinofifth_ADJ	1
neutrino_ADV	1
kyes_NOUN	1
forty_ADV	1
aronofsky_ADV	1
maurice_NOUN	1
hunter_ADV	1
henchman_ADV	1
messi_NOUN	1
ncc_ADJ	1
burke_VERB	1
dolgorukofifth_ADJ	1
korsakofifth_ADJ	1
timberlake_VERB	1
violet_VERB	1
pointless_NOUN	1
yakovlevich_VERB	1
filmmakers_NOUN	1
rakovsky_ADV	1
embarrasse_VERB	1
frank_VERB	1